from_state	action	to_state	required_evidence
new	preflight	preflighted	identity-readiness
preflighted	verify-source	source-verified	external-source-anchor
source-verified	verify-payload	payload-verified	external-payload-anchor
payload-verified	review-free-space	space-reviewed	reviewed-free-space
space-reviewed	stage-install	install-staged	declarative-install-plan
install-staged	recover-interrupted-install	interrupted-recovery-planned	recovery-plan
install-staged	plan-reinstall	reinstall-planned	recovery-plan
install-staged	plan-update	update-planned	recovery-plan
install-staged	plan-rollback	rollback-planned	recovery-plan
install-staged	plan-removal	removal-planned	recovery-plan
interrupted-recovery-planned	record-recovery	recovery-recorded	recovery-proof
reinstall-planned	record-recovery	recovery-recorded	recovery-proof
update-planned	record-recovery	recovery-recorded	recovery-proof
rollback-planned	record-recovery	recovery-recorded	recovery-proof
removal-planned	record-recovery	recovery-recorded	recovery-proof
recovery-recorded	record-dfu-evidence	dfu-evidence-recorded	dfu-attestation
